Domain1,Domain2,Domain3
다항식,다항식의 연산,다항식의 정리
다항식,다항식의 연산,"다항식의 덧셈, 뺄셈"
다항식,다항식의 연산,"다항식의 곱셈, 나눗셈"
다항식,다항식의 연산,곱셈공식
다항식,인수분해,인수분해의 기본 공식
다항식,인수분해,기본 공식의 활용
다항식,인수분해,다항식의 최대공약수와 최소공배수
다항식,항등식과 미정계수,항등식의 성질과 미정계수법
다항식,항등식과 미정계수,다항식의 나눗셈과 항등식
다항식,나머지 정리,나머지 정리
다항식,나머지 정리,인수정리와 고차식의 인수분해
실수와 허수,실수,실수
실수와 허수,실수,정수의 분류
실수와 허수,실수,"제곱근, 세제곱근과 그 연산"
실수와 허수,실수,무리수가 서로 같을 조건
실수와 허수,복소수,허수와 복소수
실수와 허수,복소수,복소수의 연산
방정식과 부등식,"일차, 이차방정식",일차방정식의 해법
방정식과 부등식,"일차, 이차방정식",이차방정식의 해법
방정식과 부등식,이차방정식의 판별식,이차방정식의 판별식
방정식과 부등식,이차방정식의 판별식,판별식의 활용
방정식과 부등식,이차방정식의 근과 계수의 관계,이차방정식의 근과 계수의 관계
방정식과 부등식,이차방정식의 근과 계수의 관계,이차방정식의 정수근
방정식과 부등식,이차방정식의 근과 계수의 관계,이차방정식의 실근의 부호
방정식과 부등식,이차방정식과 이차함수,이차방정식과 이차함수의 관계
방정식과 부등식,이차방정식과 이차함수,포물선과 직선의 위치 관계
방정식과 부등식,이차방정식과 이차함수,이차방정식의 근의 분리
방정식과 부등식,최대와 최소,이차함수의 최대와 최소
방정식과 부등식,최대와 최소,제한된 범위에서의 최대와 최소
방정식과 부등식,최대와 최소,판별식을 이용하는 최대와 최소
방정식과 부등식,삼차방정식과 사차방정식,삼차방정식과 사차방정식의 해법
방정식과 부등식,삼차방정식과 사차방정식,삼차방정식의 근과 계수의 관계
방정식과 부등식,연립방정식,연립일차방정식의 해법
방정식과 부등식,연립방정식,연랍이차방정식의 해법
방정식과 부등식,연립방정식,공통근
방정식과 부등식,연립방정식,부정방정식
방정식과 부등식,일차부등식과 연립일차부등식,부등식의 성질과 일차부등식의 해법
방정식과 부등식,일차부등식과 연립일차부등식,연립일차부등식의 해법
방정식과 부등식,일차부등식과 연립일차부등식,여러 가지 부등식
방정식과 부등식,이차부등식과 연립이차부등식,이차부등식의 해법
방정식과 부등식,이차부등식과 연립이차부등식,연립이차부등식의 해법
도형의 방정식,평면좌표,두 점 사이의 거리
도형의 방정식,평면좌표,선분의 내분점과 외분점
도형의 방정식,평면좌표,좌표와 자취
도형의 방정식,직선의 방정식,방정식의 그래프
도형의 방정식,직선의 방정식,두 직선의 위치 관계
도형의 방정식,직선의 방정식,직선의 방정식
도형의 방정식,직선의 방정식,정점을 지나는 직선
도형의 방정식,직선의 방정식,점과 직선 사이의 거리
도형의 방정식,직선의 방정식,자취 문제(직선)
도형의 방정식,원의 방정식,원의 방정식
도형의 방정식,원의 방정식,원과 직선의 위치 관계
도형의 방정식,원의 방정식,두 원의 위치 관계
도형의 방정식,원의 방정식,자취 문제(원)
도형의 방정식,도형의 이동,평행이동
도형의 방정식,도형의 이동,대칭이동
집합과 명제,집합,집합과 원소
집합과 명제,집합,집합의 포함 관계
집합과 명제,집합,"합집합, 교집합, 여집합, 차집합"
집합과 명제,집합의 연산법칙,집합의 연산법칙
집합과 명제,집합의 연산법칙,유한집합의 원소의 개수
집합과 명제,명제와 조건,명제와 조건
집합과 명제,명제와 조건,명제의 역과 대우
집합과 명제,명제와 조건,"충분조건, 필요조건"
집합과 명제,명제의 증명,명제의 증명
집합과 명제,명제의 증명,절대부등식의 증명
집합과 명제,명제의 증명,절대부등식의 활용
함수,함수,함수
함수,함수,함수의 그래프
함수,함수,일대일대응
함수,합성함수와 역함수,합성함수
함수,합성함수와 역함수,역함수
함수,다항함수의 그래프,일차함수의 그래프
함수,다항함수의 그래프,절댓값 기호가 있는 방정식의 그래프
함수,다항함수의 그래프,이차함수의 그래프
함수,다항함수의 그래프,간단한 삼차함수의 그래프
함수,유리함수의 그래프,유리식
함수,유리함수의 그래프,유리함수의 그래프
함수,무리함수의 그래프,무리식
함수,무리함수의 그래프,무리함수의 그래프
경우의 수,경우의 수,경우의 수
경우의 수,순열과 조합,순열
경우의 수,순열과 조합,조합
